,canton,municipality
0,Aargau,Aarau
1,Aargau,Aarburg
2,Aargau,Abtwil
3,Aargau,Ammerswil
4,Aargau,Aristau
5,Aargau,Arni (AG)
6,Aargau,Attelwil
7,Aargau,Auenstein
8,Aargau,Auw
9,Aargau,Bad Zurzach
10,Aargau,Baden
11,Aargau,Baldingen
12,Aargau,Beinwil (Freiamt)
13,Aargau,Beinwil am See
14,Aargau,Bellikon
15,Aargau,Benzenschwil
16,Aargau,Bergdietikon
17,Aargau,Berikon
18,Aargau,Besenbüren
19,Aargau,Bettwil
20,Aargau,Biberstein
21,Aargau,Birmenstorf (AG)
22,Aargau,Birr
23,Aargau,Birrhard
24,Aargau,Birrwil
25,Aargau,Boniswil
26,Aargau,Boswil
27,Aargau,Bottenwil
28,Aargau,Bremgarten (AG)
29,Aargau,Brittnau
30,Aargau,Brugg
31,Aargau,Brunegg
32,Aargau,Buchs (AG)
33,Aargau,Burg (AG)
34,Aargau,Buttwil
35,Aargau,Böbikon
36,Aargau,Böttstein
37,Aargau,Bözen
38,Aargau,Bünzen
39,Aargau,Büttikon
40,Aargau,Densbüren
41,Aargau,Dietwil
42,Aargau,Dintikon
43,Aargau,Dottikon
44,Aargau,Döttingen
45,Aargau,Dürrenäsch
46,Aargau,Effingen
47,Aargau,Eggenwil
48,Aargau,Egliswil
49,Aargau,Ehrendingen
50,Aargau,Eiken
51,Aargau,Elfingen
52,Aargau,Endingen
53,Aargau,Ennetbaden
54,Aargau,Erlinsbach (AG)
55,Aargau,Fahrwangen
56,Aargau,Fischbach-Göslikon
57,Aargau,Fisibach
58,Aargau,Fislisbach
59,Aargau,Freienwil
60,Aargau,Frick
61,Aargau,Full-Reuenthal
62,Aargau,Gallenkirch
63,Aargau,Gansingen
64,Aargau,Gebenstorf
65,Aargau,Geltwil
66,Aargau,Gipf-Oberfrick
67,Aargau,Gontenschwil
68,Aargau,Gränichen
69,Aargau,Habsburg
70,Aargau,Hallwil
71,Aargau,Hausen (AG)
72,Aargau,Hellikon
73,Aargau,Hendschiken
74,Aargau,Hermetschwil-Staffeln
75,Aargau,Herznach
76,Aargau,Hirschthal
77,Aargau,Holderbank (AG)
78,Aargau,Holziken
79,Aargau,Hornussen
80,Aargau,Hunzenschwil
81,Aargau,Hägglingen
82,Aargau,Islisberg
83,Aargau,Jonen
84,Aargau,Kaiseraugst
85,Aargau,Kaiserstuhl
86,Aargau,Kaisten
87,Aargau,Kallern
88,Aargau,Killwangen
89,Aargau,Kirchleerau
90,Aargau,Klingnau
91,Aargau,Koblenz
92,Aargau,Kölliken
93,Aargau,Künten
94,Aargau,Küttigen
95,Aargau,Laufenburg
96,Aargau,Leibstadt
97,Aargau,Leimbach (AG)
98,Aargau,Lengnau (AG)
99,Aargau,Lenzburg
100,Aargau,Leuggern
101,Aargau,Leutwil
102,Aargau,Linn
103,Aargau,Lupfig
104,Aargau,Magden
105,Aargau,Mandach
106,Aargau,Meisterschwanden
107,Aargau,Mellikon
108,Aargau,Mellingen
109,Aargau,Menziken
110,Aargau,Merenschwand
111,Aargau,Mettauertal
112,Aargau,Moosleerau
113,Aargau,Muhen
114,Aargau,Mumpf
115,Aargau,Murgenthal
116,Aargau,Muri (AG)
117,Aargau,Mägenwil
118,Aargau,Möhlin
119,Aargau,Mönthal
120,Aargau,Möriken-Wildegg
121,Aargau,Mühlau
122,Aargau,Mülligen
123,Aargau,Münchwilen (AG)
124,Aargau,Neuenhof
125,Aargau,Niederlenz
126,Aargau,Niederrohrdorf
127,Aargau,Niederwil (AG)
128,Aargau,Oberbözberg
129,Aargau,Oberentfelden
130,Aargau,Oberflachs
131,Aargau,Oberhof
132,Aargau,Oberkulm
133,Aargau,Oberlunkhofen
134,Aargau,Obermumpf
135,Aargau,Oberrohrdorf
136,Aargau,Oberrüti
137,Aargau,Obersiggenthal
138,Aargau,Oberwil-Lieli
139,Aargau,Oeschgen
140,Aargau,Oftringen
141,Aargau,Olsberg
142,Aargau,Othmarsingen
143,Aargau,Reinach (AG)
144,Aargau,Reitnau
145,Aargau,Rekingen (AG)
146,Aargau,Remetschwil
147,Aargau,Remigen
148,Aargau,Rheinfelden
149,Aargau,Rietheim
150,Aargau,Riniken
151,Aargau,Rothrist
152,Aargau,Rottenschwil
153,Aargau,Rudolfstetten-Friedlisberg
154,Aargau,Rupperswil
155,Aargau,Rüfenach
156,Aargau,Rümikon
157,Aargau,Safenwil
158,Aargau,Sarmenstorf
159,Aargau,Schafisheim
160,Aargau,Scherz
161,Aargau,Schinznach-Bad
162,Aargau,Schinznach-Dorf
163,Aargau,Schlossrued
164,Aargau,Schmiedrued
165,Aargau,Schneisingen
166,Aargau,Schupfart
167,Aargau,Schwaderloch
168,Aargau,Schöftland
169,Aargau,Seengen
170,Aargau,Seon
171,Aargau,Siglistorf
172,Aargau,Sins
173,Aargau,Sisseln
174,Aargau,Spreitenbach
175,Aargau,Staffelbach
176,Aargau,Staufen
177,Aargau,Stein (AG)
178,Aargau,Stetten (AG)
179,Aargau,Strengelbach
180,Aargau,Suhr
181,Aargau,Tegerfelden
182,Aargau,Teufenthal (AG)
183,Aargau,Thalheim (AG)
184,Aargau,Turgi
185,Aargau,Tägerig
186,Aargau,Ueken
187,Aargau,Uerkheim
188,Aargau,Uezwil
189,Aargau,Unterbözberg
190,Aargau,Unterendingen
191,Aargau,Unterentfelden
192,Aargau,Unterkulm
193,Aargau,Unterlunkhofen
194,Aargau,Untersiggenthal
195,Aargau,Veltheim (AG)
196,Aargau,Villigen
197,Aargau,Villmergen
198,Aargau,Villnachern
199,Aargau,Vordemwald
200,Aargau,Wallbach
201,Aargau,Waltenschwil
202,Aargau,Wegenstetten
203,Aargau,Wettingen
204,Aargau,Widen
205,Aargau,Wiliberg
206,Aargau,Windisch
207,Aargau,Wislikofen
208,Aargau,Wittnau
209,Aargau,Wohlen (AG)
210,Aargau,Wohlenschwil
211,Aargau,Wölflinswil
212,Aargau,Würenlingen
213,Aargau,Würenlos
214,Aargau,Zeihen
215,Aargau,Zeiningen
216,Aargau,Zetzwil
217,Aargau,Zofingen
218,Aargau,Zufikon
219,Aargau,Zuzgen
220,Appenzell Ausserrhoden,Bühler
221,Appenzell Ausserrhoden,Gais
222,Appenzell Ausserrhoden,Grub (AR)
223,Appenzell Ausserrhoden,Heiden
224,Appenzell Ausserrhoden,Herisau
225,Appenzell Ausserrhoden,Hundwil
226,Appenzell Ausserrhoden,Lutzenberg
227,Appenzell Ausserrhoden,Rehetobel
228,Appenzell Ausserrhoden,Reute (AR)
229,Appenzell Ausserrhoden,Schwellbrunn
230,Appenzell Ausserrhoden,Schönengrund
231,Appenzell Ausserrhoden,Speicher
232,Appenzell Ausserrhoden,Stein (AR)
233,Appenzell Ausserrhoden,Teufen (AR)
234,Appenzell Ausserrhoden,Trogen
235,Appenzell Ausserrhoden,Urnäsch
236,Appenzell Ausserrhoden,Wald (AR)
237,Appenzell Ausserrhoden,Waldstatt
238,Appenzell Ausserrhoden,Walzenhausen
239,Appenzell Ausserrhoden,Wolfhalden
240,Appenzell Innerrhoden,Appenzell
241,Appenzell Innerrhoden,Gonten
242,Appenzell Innerrhoden,Oberegg
243,Appenzell Innerrhoden,Rüte
244,Appenzell Innerrhoden,Schlatt-Haslen
245,Appenzell Innerrhoden,Schwende
246,Basel-Landschaft,Aesch (BL)
247,Basel-Landschaft,Allschwil
248,Basel-Landschaft,Anwil
249,Basel-Landschaft,Arboldswil
250,Basel-Landschaft,Arisdorf
251,Basel-Landschaft,Arlesheim
252,Basel-Landschaft,Augst
253,Basel-Landschaft,Bennwil
254,Basel-Landschaft,Biel-Benken
255,Basel-Landschaft,Binningen
256,Basel-Landschaft,Birsfelden
257,Basel-Landschaft,Blauen
258,Basel-Landschaft,Bottmingen
259,Basel-Landschaft,Bretzwil
260,Basel-Landschaft,Brislach
261,Basel-Landschaft,Bubendorf
262,Basel-Landschaft,Buckten
263,Basel-Landschaft,Burg im Leimental
264,Basel-Landschaft,Buus
265,Basel-Landschaft,Böckten
266,Basel-Landschaft,Diegten
267,Basel-Landschaft,Diepflingen
268,Basel-Landschaft,Dittingen
269,Basel-Landschaft,Duggingen
270,Basel-Landschaft,Eptingen
271,Basel-Landschaft,Ettingen
272,Basel-Landschaft,Frenkendorf
273,Basel-Landschaft,Füllinsdorf
274,Basel-Landschaft,Gelterkinden
275,Basel-Landschaft,Giebenach
276,Basel-Landschaft,Grellingen
277,Basel-Landschaft,Hemmiken
278,Basel-Landschaft,Hersberg
279,Basel-Landschaft,Häfelfingen
280,Basel-Landschaft,Hölstein
281,Basel-Landschaft,Itingen
282,Basel-Landschaft,Kilchberg (BL)
283,Basel-Landschaft,Känerkinden
284,Basel-Landschaft,Lampenberg
285,Basel-Landschaft,Langenbruck
286,Basel-Landschaft,Laufen
287,Basel-Landschaft,Lausen
288,Basel-Landschaft,Lauwil
289,Basel-Landschaft,Liedertswil
290,Basel-Landschaft,Liesberg
291,Basel-Landschaft,Liestal
292,Basel-Landschaft,Lupsingen
293,Basel-Landschaft,Läufelfingen
294,Basel-Landschaft,Maisprach
295,Basel-Landschaft,Muttenz
296,Basel-Landschaft,Münchenstein
297,Basel-Landschaft,Nenzlingen
298,Basel-Landschaft,Niederdorf
299,Basel-Landschaft,Nusshof
300,Basel-Landschaft,Oberdorf (BL)
301,Basel-Landschaft,Oberwil (BL)
302,Basel-Landschaft,Oltingen
303,Basel-Landschaft,Ormalingen
304,Basel-Landschaft,Pfeffingen
305,Basel-Landschaft,Pratteln
306,Basel-Landschaft,Ramlinsburg
307,Basel-Landschaft,Reigoldswil
308,Basel-Landschaft,Reinach (BL)
309,Basel-Landschaft,Rickenbach (BL)
310,Basel-Landschaft,Roggenburg
311,Basel-Landschaft,Rothenfluh
312,Basel-Landschaft,Röschenz
313,Basel-Landschaft,Rümlingen
314,Basel-Landschaft,Rünenberg
315,Basel-Landschaft,Schönenbuch
316,Basel-Landschaft,Seltisberg
317,Basel-Landschaft,Sissach
318,Basel-Landschaft,Tecknau
319,Basel-Landschaft,Tenniken
320,Basel-Landschaft,Therwil
321,Basel-Landschaft,Thürnen
322,Basel-Landschaft,Titterten
323,Basel-Landschaft,Wahlen
324,Basel-Landschaft,Waldenburg
325,Basel-Landschaft,Wenslingen
326,Basel-Landschaft,Wintersingen
327,Basel-Landschaft,Wittinsburg
328,Basel-Landschaft,Zeglingen
329,Basel-Landschaft,Ziefen
330,Basel-Landschaft,Zunzgen
331,Basel-Landschaft,Zwingen
332,Basel-Stadt,Basel
333,Basel-Stadt,Bettingen
334,Basel-Stadt,Riehen
335,Bern,Aarberg
336,Bern,Aarwangen
337,Bern,Adelboden
338,Bern,Aefligen
339,Bern,Aegerten
340,Bern,Aeschi bei Spiez
341,Bern,Affoltern im Emmental
342,Bern,Alchenstorf
343,Bern,Allmendingen bei Bern
344,Bern,Amsoldingen
345,Bern,Arch
346,Bern,Arni (BE)
347,Bern,Attiswil
348,Bern,Auswil
349,Bern,Bangerten
350,Bern,Bannwil
351,Bern,Bargen (BE)
352,Bern,Beatenberg
353,Bern,Bellmund
354,Bern,Belp
355,Bern,Belpberg
356,Bern,Belprahon
357,Bern,Berken
358,Bern,Bern
359,Bern,Bettenhausen
360,Bern,Biel/Bienne
361,Bern,Biglen
362,Bern,Bleienbach
363,Bern,Bleiken bei Oberdiessbach
364,Bern,Blumenstein
365,Bern,Bolligen
366,Bern,Boltigen
367,Bern,Bowil
368,Bern,Bremgarten bei Bern
369,Bern,Brenzikofen
370,Bern,Brienz (BE)
371,Bern,Brienzwiler
372,Bern,Brügg
373,Bern,Brüttelen
374,Bern,Buchholterberg
375,Bern,Burgdorf
376,Bern,Burgistein
377,Bern,Busswil bei Melchnau
378,Bern,Bäriswil
379,Bern,Bätterkinden
380,Bern,Bévilard
381,Bern,Bönigen
382,Bern,Büetigen
383,Bern,Bühl bei Aarberg
384,Bern,Büren an der Aare
385,Bern,Büren zum Hof
386,Bern,Champoz
387,Bern,Châtelat
388,Bern,Clavaleyres
389,Bern,Corcelles (BE)
390,Bern,Corgémont
391,Bern,Cormoret
392,Bern,Cortébert
393,Bern,Court
394,Bern,Courtelary
395,Bern,Crémines
396,Bern,Deisswil bei Münchenbuchsee
397,Bern,Diemerswil
398,Bern,Diemtigen
399,Bern,Diessbach bei Büren
400,Bern,Diesse
401,Bern,Dotzigen
402,Bern,Därligen
403,Bern,Därstetten
404,Bern,Dürrenroth
405,Bern,Eggiwil
406,Bern,Epsach
407,Bern,Eriswil
408,Bern,Eriz
409,Bern,Erlach
410,Bern,Erlenbach im Simmental
411,Bern,Ersigen
412,Bern,Eschert
413,Bern,Etzelkofen
414,Bern,Evilard
415,Bern,Fahrni
416,Bern,Farnern
417,Bern,Ferenbalm
418,Bern,Finsterhennen
419,Bern,Forst-Längenbühl
420,Bern,Fraubrunnen
421,Bern,Frauenkappelen
422,Bern,Freimettigen
423,Bern,Frutigen
424,Bern,Gadmen
425,Bern,Gals
426,Bern,Gampelen
427,Bern,Gelterfingen
428,Bern,Gerzensee
429,Bern,Golaten
430,Bern,Gondiswil
431,Bern,Graben
432,Bern,Grafenried
433,Bern,Grandval
434,Bern,Grindelwald
435,Bern,Grossaffoltern
436,Bern,Grosshöchstetten
437,Bern,Gsteig bei Gstaad
438,Bern,Gsteigwiler
439,Bern,Guggisberg
440,Bern,Gurbrü
441,Bern,Gurzelen
442,Bern,Guttannen
443,Bern,Gündlischwand
444,Bern,Habkern
445,Bern,Hagneck
446,Bern,Hasle bei Burgdorf
447,Bern,Hasliberg
448,Bern,Heiligenschwendi
449,Bern,Heimberg
450,Bern,Heimenhausen
451,Bern,Heimiswil
452,Bern,Hellsau
453,Bern,Herbligen
454,Bern,Hermiswil
455,Bern,Hermrigen
456,Bern,Herzogenbuchsee
457,Bern,Hilterfingen
458,Bern,Hindelbank
459,Bern,Hofstetten bei Brienz
460,Bern,Homberg
461,Bern,Horrenbach-Buchen
462,Bern,Huttwil
463,Bern,Häutligen
464,Bern,Höchstetten
465,Bern,Höfen
466,Bern,Iffwil
467,Bern,Inkwil
468,Bern,Innertkirchen
469,Bern,Ins
470,Bern,Interlaken
471,Bern,Ipsach
472,Bern,Iseltwald
473,Bern,Ittigen
474,Bern,Jaberg
475,Bern,Jegenstorf
476,Bern,Jens
477,Bern,Kallnach
478,Bern,Kandergrund
479,Bern,Kandersteg
480,Bern,Kappelen
481,Bern,Kaufdorf
482,Bern,Kehrsatz
483,Bern,Kernenried
484,Bern,Kienersrüti
485,Bern,Kiesen
486,Bern,Kirchberg (BE)
487,Bern,Kirchdorf (BE)
488,Bern,Kirchenthurnen
489,Bern,Kirchlindach
490,Bern,Konolfingen
491,Bern,Koppigen
492,Bern,Krattigen
493,Bern,Krauchthal
494,Bern,Kriechenwil
495,Bern,Köniz
496,Bern,La Ferrière
497,Bern,La Heutte
498,Bern,La Neuveville
499,Bern,Lamboing
500,Bern,Landiswil
501,Bern,Langenthal
502,Bern,Langnau im Emmental
503,Bern,Lauenen
504,Bern,Laupen
505,Bern,Lauperswil
506,Bern,Lauterbrunnen
507,Bern,Leissigen
508,Bern,Lengnau (BE)
509,Bern,Lenk im Simmental
510,Bern,Leuzigen
511,Bern,Ligerz
512,Bern,Limpach
513,Bern,Linden
514,Bern,Lohnstorf
515,Bern,Lotzwil
516,Bern,Loveresse
517,Bern,Lyss
518,Bern,Lyssach
519,Bern,Lüscherz
520,Bern,Lütschental
521,Bern,Lützelflüh
522,Bern,Madiswil
523,Bern,Malleray
524,Bern,Matten bei Interlaken
525,Bern,Mattstetten
526,Bern,Meienried
527,Bern,Meikirch
528,Bern,Meinisberg
529,Bern,Meiringen
530,Bern,Melchnau
531,Bern,Merzligen
532,Bern,Mirchel
533,Bern,Monible
534,Bern,Mont-Tramelan
535,Bern,Moosseedorf
536,Bern,Moutier
537,Bern,Muri bei Bern
538,Bern,Mörigen
539,Bern,Mötschwil
540,Bern,Mühleberg
541,Bern,Mühledorf (BE)
542,Bern,Mühlethurnen
543,Bern,Mülchi
544,Bern,Münchenbuchsee
545,Bern,Münchenwiler
546,Bern,Münchringen
547,Bern,Münsingen
548,Bern,Müntschemier
549,Bern,Neuenegg
550,Bern,Nidau
551,Bern,Niederbipp
552,Bern,Niederhünigen
553,Bern,Niedermuhlern
554,Bern,Niederried bei Interlaken
555,Bern,Niederried bei Kallnach
556,Bern,Niederstocken
557,Bern,Niederönz
558,Bern,Niederösch
559,Bern,Nods
560,Bern,Noflen
561,Bern,Oberbalm
562,Bern,Oberbipp
563,Bern,Oberburg
564,Bern,Oberdiessbach
565,Bern,Oberhofen am Thunersee
566,Bern,Oberhünigen
567,Bern,Oberlangenegg
568,Bern,Oberried am Brienzersee
569,Bern,Obersteckholz
570,Bern,Oberstocken
571,Bern,Oberthal
572,Bern,Oberwil bei Büren
573,Bern,Oberwil im Simmental
574,Bern,Oberösch
575,Bern,Ochlenberg
576,Bern,Oeschenbach
577,Bern,Oppligen
578,Bern,Orpund
579,Bern,Orvin
580,Bern,Ostermundigen
581,Bern,Perrefitte
582,Bern,Pieterlen
583,Bern,Plagne
584,Bern,Pohlern
585,Bern,Pontenet
586,Bern,Port
587,Bern,Prêles
588,Bern,Péry
589,Bern,Radelfingen
590,Bern,Rapperswil (BE)
591,Bern,Rebévelier
592,Bern,Reconvilier
593,Bern,Reichenbach im Kandertal
594,Bern,Reisiswil
595,Bern,Renan (BE)
596,Bern,Reutigen
597,Bern,Riggisberg
598,Bern,Ringgenberg (BE)
599,Bern,Roches (BE)
600,Bern,Roggwil (BE)
601,Bern,Rohrbach
602,Bern,Rohrbachgraben
603,Bern,Romont (BE)
604,Bern,Rubigen
605,Bern,Rumendingen
606,Bern,Rumisberg
607,Bern,Ruppoldsried
608,Bern,Röthenbach im Emmental
609,Bern,Rüderswil
610,Bern,Rüdtligen-Alchenflüh
611,Bern,Rüeggisberg
612,Bern,Rüegsau
613,Bern,Rümligen
614,Bern,Rüschegg
615,Bern,Rüti bei Büren
616,Bern,Rüti bei Lyssach
617,Bern,Rütschelen
618,Bern,Saanen
619,Bern,Safnern
620,Bern,Saicourt
621,Bern,Saint-Imier
622,Bern,Saules (BE)
623,Bern,Saxeten
624,Bern,Schalunen
625,Bern,Schangnau
626,Bern,Schattenhalb
627,Bern,Schelten
628,Bern,Scheunen
629,Bern,Scheuren
630,Bern,Schlosswil
631,Bern,Schwadernau
632,Bern,Schwanden bei Brienz
633,Bern,Schwarzenburg
634,Bern,Schwarzhäusern
635,Bern,Schwendibach
636,Bern,Schüpfen
637,Bern,Seeberg
638,Bern,Seedorf (BE)
639,Bern,Seehof
640,Bern,Seftigen
641,Bern,Signau
642,Bern,Sigriswil
643,Bern,Siselen
644,Bern,Sonceboz-Sombeval
645,Bern,Sonvilier
646,Bern,Sornetan
647,Bern,Sorvilier
648,Bern,Souboz
649,Bern,Spiez
650,Bern,St. Stephan
651,Bern,Steffisburg
652,Bern,Stettlen
653,Bern,Studen (BE)
654,Bern,Sumiswald
655,Bern,Sutz-Lattrigen
656,Bern,Tavannes
657,Bern,Teuffenthal (BE)
658,Bern,Thierachern
659,Bern,Thun
660,Bern,Thunstetten
661,Bern,Thörigen
662,Bern,Toffen
663,Bern,Trachselwald
664,Bern,Tramelan
665,Bern,Treiten
666,Bern,Trimstein
667,Bern,Trub
668,Bern,Trubschachen
669,Bern,Tschugg
670,Bern,Twann-Tüscherz
671,Bern,Tägertschi
672,Bern,Täuffelen
673,Bern,Uebeschi
674,Bern,Uetendorf
675,Bern,Unterlangenegg
676,Bern,Unterseen
677,Bern,Ursenbach
678,Bern,Urtenen-Schönbühl
679,Bern,Uttigen
680,Bern,Utzenstorf
681,Bern,Vauffelin
682,Bern,Vechigen
683,Bern,Villeret
684,Bern,Vinelz
685,Bern,Wachseldorn
686,Bern,Wald (BE)
687,Bern,Walkringen
688,Bern,Walliswil bei Niederbipp
689,Bern,Walliswil bei Wangen
690,Bern,Walperswil
691,Bern,Walterswil (BE)
692,Bern,Wangen an der Aare
693,Bern,Wangenried
694,Bern,Wattenwil
695,Bern,Wengi
696,Bern,Wichtrach
697,Bern,Wiedlisbach
698,Bern,Wiggiswil
699,Bern,Wilderswil
700,Bern,Wiler bei Utzenstorf
701,Bern,Wileroltigen
702,Bern,Willadingen
703,Bern,Wimmis
704,Bern,Wohlen bei Bern
705,Bern,Wolfisberg
706,Bern,Worb
707,Bern,Worben
708,Bern,Wynau
709,Bern,Wynigen
710,Bern,Wyssachen
711,Bern,Zauggenried
712,Bern,Zielebach
713,Bern,Zollikofen
714,Bern,Zuzwil (BE)
715,Bern,Zweisimmen
716,Bern,Zwieselberg
717,Bern,Zäziwil
718,Fribourg,Alterswil
719,Fribourg,Arconciel
720,Fribourg,Attalens
721,Fribourg,Auboranges
722,Fribourg,Autafond
723,Fribourg,Autigny
724,Fribourg,Avry
725,Fribourg,Barberêche
726,Fribourg,Bas-Intyamon
727,Fribourg,Bas-Vully
728,Fribourg,Belfaux
729,Fribourg,Billens-Hennens
730,Fribourg,Bossonnens
731,Fribourg,Botterens
732,Fribourg,Broc
733,Fribourg,Brünisried
734,Fribourg,Bulle
735,Fribourg,Bussy (FR)
736,Fribourg,Bösingen
737,Fribourg,Büchslen
738,Fribourg,Cerniat (FR)
739,Fribourg,Chapelle (Glâne)
740,Fribourg,Charmey
741,Fribourg,Cheiry
742,Fribourg,Cheyres
743,Fribourg,Châbles
744,Fribourg,Châtel-Saint-Denis
745,Fribourg,Châtel-sur-Montsalvens
746,Fribourg,Châtillon (FR)
747,Fribourg,Châtonnaye
748,Fribourg,Chénens
749,Fribourg,Chésopelloz
750,Fribourg,Corbières
751,Fribourg,Corminboeuf
752,Fribourg,Corpataux-Magnedens
753,Fribourg,Corserey
754,Fribourg,Cottens (FR)
755,Fribourg,Courgevaux
756,Fribourg,Courlevon
757,Fribourg,Courtepin
758,Fribourg,Cressier (FR)
759,Fribourg,Crésuz
760,Fribourg,Cugy (FR)
761,Fribourg,Delley-Portalban
762,Fribourg,Domdidier
763,Fribourg,Dompierre (FR)
764,Fribourg,Düdingen
765,Fribourg,Echarlens
766,Fribourg,Estavayer-le-Lac
767,Fribourg,Farvagny
768,Fribourg,Ferpicloz
769,Fribourg,Font
770,Fribourg,Fribourg
771,Fribourg,Fräschels
772,Fribourg,Fétigny
773,Fribourg,Galmiz
774,Fribourg,Gempenach
775,Fribourg,Giffers
776,Fribourg,Givisiez
777,Fribourg,Gletterens
778,Fribourg,Grandvillard
779,Fribourg,Granges (Veveyse)
780,Fribourg,Granges-Paccot
781,Fribourg,Grangettes
782,Fribourg,Greng
783,Fribourg,Grolley
784,Fribourg,Gruyères
785,Fribourg,Gurmels
786,Fribourg,Haut-Intyamon
787,Fribourg,Haut-Vully
788,Fribourg,Hauterive (FR)
789,Fribourg,Hauteville
790,Fribourg,Heitenried
791,Fribourg,Jaun
792,Fribourg,Jeuss
793,Fribourg,Kerzers
794,Fribourg,Kleinbösingen
795,Fribourg,La Brillaz
796,Fribourg,La Folliaz
797,Fribourg,La Roche
798,Fribourg,La Sonnaz
799,Fribourg,La Verrerie
800,Fribourg,Le Châtelard
801,Fribourg,Le Flon
802,Fribourg,Le Glèbe
803,Fribourg,Le Mouret
804,Fribourg,Le Pâquier (FR)
805,Fribourg,Les Montets
806,Fribourg,Lully (FR)
807,Fribourg,Lurtigen
808,Fribourg,Léchelles
809,Fribourg,Marly
810,Fribourg,Marsens
811,Fribourg,Massonnens
812,Fribourg,Matran
813,Fribourg,Meyriez
814,Fribourg,Misery-Courtion
815,Fribourg,Montagny (FR)
816,Fribourg,Montet (Glâne)
817,Fribourg,Morens (FR)
818,Fribourg,Morlon
819,Fribourg,Muntelier
820,Fribourg,Murist
821,Fribourg,Murten
822,Fribourg,Ménières
823,Fribourg,Mézières (FR)
824,Fribourg,Neyruz (FR)
825,Fribourg,Noréaz
826,Fribourg,Nuvilly
827,Fribourg,Oberschrot
828,Fribourg,Pierrafortscha
829,Fribourg,Plaffeien
830,Fribourg,Plasselb
831,Fribourg,Pont-en-Ogoz
832,Fribourg,Pont-la-Ville
833,Fribourg,Ponthaux
834,Fribourg,Prez-vers-Noréaz
835,Fribourg,Prévondavaux
836,Fribourg,Rechthalten
837,Fribourg,Remaufens
838,Fribourg,Riaz
839,Fribourg,Ried bei Kerzers
840,Fribourg,Romont (FR)
841,Fribourg,Rossens (FR)
842,Fribourg,Rue
843,Fribourg,Rueyres-les-Prés
844,Fribourg,Russy
845,Fribourg,Saint-Aubin (FR)
846,Fribourg,Saint-Martin (FR)
847,Fribourg,Salvenach
848,Fribourg,Schmitten (FR)
849,Fribourg,Semsales
850,Fribourg,Senèdes
851,Fribourg,Siviriez
852,Fribourg,Sorens
853,Fribourg,St. Antoni
854,Fribourg,St. Silvester
855,Fribourg,St. Ursen
856,Fribourg,Surpierre
857,Fribourg,Sâles
858,Fribourg,Sévaz
859,Fribourg,Tafers
860,Fribourg,Tentlingen
861,Fribourg,Torny
862,Fribourg,Treyvaux
863,Fribourg,Ueberstorf
864,Fribourg,Ulmiz
865,Fribourg,Ursy
866,Fribourg,Vallon
867,Fribourg,Vaulruz
868,Fribourg,Vernay
869,Fribourg,Villarepos
870,Fribourg,Villars-sur-Glâne
871,Fribourg,Villarsel-sur-Marly
872,Fribourg,Villaz-Saint-Pierre
873,Fribourg,Villeneuve (FR)
874,Fribourg,Villorsonnens
875,Fribourg,Vuadens
876,Fribourg,Vuarmarens
877,Fribourg,Vuissens
878,Fribourg,Vuisternens-devant-Romont
879,Fribourg,Vuisternens-en-Ogoz
880,Fribourg,Wallenried
881,Fribourg,Wünnewil-Flamatt
882,Fribourg,Zumholz
883,Fribourg,Écublens
884,Fribourg,Épendes
885,Geneva,Aire-la-Ville
886,Geneva,Anières
887,Geneva,Avully
888,Geneva,Avusy
889,Geneva,Bardonnex
890,Geneva,Bellevue
891,Geneva,Bernex
892,Geneva,Carouge (GE)
893,Geneva,"Cartigny, Switzerland"
894,Geneva,Chancy
895,Geneva,Choulex
896,Geneva,Chêne-Bougeries
897,Geneva,Chêne-Bourg
898,Geneva,Collex-Bossy
899,Geneva,Collonge-Bellerive
900,Geneva,Cologny
901,Geneva,Confignon
902,Geneva,Corsier (GE)
903,Geneva,Céligny
904,Geneva,Dardagny
905,Geneva,Geneva
906,Geneva,Genthod
907,Geneva,Gy
908,Geneva,Hermance
909,Geneva,Jussy
910,Geneva,Laconnex
911,Geneva,Lancy
912,Geneva,Le Grand-Saconnex
913,Geneva,Meinier
914,Geneva,Meyrin
915,Geneva,Onex
916,Geneva,Perly-Certoux
917,Geneva,Plan-les-Ouates
918,Geneva,Pregny-Chambésy
919,Geneva,Presinge
920,Geneva,Puplinge
921,Geneva,Russin
922,Geneva,Satigny
923,Geneva,Soral
924,Geneva,Thônex
925,Geneva,Troinex
926,Geneva,Vandoeuvres
927,Geneva,Vernier
928,Geneva,Versoix
929,Geneva,Veyrier
930,Glarus,Glarus
931,Glarus,Glarus Nord
932,Glarus,Glarus Süd
933,Graubünden,Almens
934,Graubünden,Alvaneu
935,Graubünden,Alvaschein
936,Graubünden,Andeer
937,Graubünden,Andiast
938,Graubünden,Ardez
939,Graubünden,Arosa
940,Graubünden,Arvigo
941,Graubünden,Avers
942,Graubünden,Bergün/Bravuogn
943,Graubünden,Bever
944,Graubünden,Bivio
945,Graubünden,Bonaduz
946,Graubünden,Braggio
947,Graubünden,Bregaglia
948,Graubünden,Breil/Brigels
949,Graubünden,Brienz/Brinzauls
950,Graubünden,Brusio
951,Graubünden,Buseno
952,Graubünden,Calfreisen
953,Graubünden,Cama
954,Graubünden,Castaneda
955,Graubünden,Casti-Wergenstein
956,Graubünden,Castiel
957,Graubünden,Castrisch
958,Graubünden,Cauco
959,Graubünden,Cazis
960,Graubünden,Celerina/Schlarigna
961,Graubünden,Chur
962,Graubünden,Churwalden
963,Graubünden,Conters im Prättigau
964,Graubünden,Cumbel
965,Graubünden,Cunter
966,Graubünden,Davos
967,Graubünden,Degen
968,Graubünden,Disentis/Mustér
969,Graubünden,Domat/Ems
970,Graubünden,Donat
971,Graubünden,Duvin
972,Graubünden,Falera
973,Graubünden,Felsberg
974,Graubünden,Ferrera
975,Graubünden,Fideris
976,Graubünden,Filisur
977,Graubünden,Flerden
978,Graubünden,Flims
979,Graubünden,Fläsch
980,Graubünden,Ftan
981,Graubünden,Furna
982,Graubünden,Fürstenau
983,Graubünden,Grono
984,Graubünden,Grüsch
985,Graubünden,Guarda
986,Graubünden,Haldenstein
987,Graubünden,Hinterrhein
988,Graubünden,Igis
989,Graubünden,Ilanz
990,Graubünden,Jenaz
991,Graubünden,Jenins
992,Graubünden,Klosters-Serneus
993,Graubünden,Küblis
994,Graubünden,La Punt-Chamues-ch
995,Graubünden,Laax
996,Graubünden,Ladir
997,Graubünden,Langwies
998,Graubünden,Lantsch/Lenz
999,Graubünden,Lavin
1000,Graubünden,Leggia
1001,Graubünden,Lohn (GR)
1002,Graubünden,Lostallo
1003,Graubünden,Lumbrein
1004,Graubünden,Luven
1005,Graubünden,Luzein
1006,Graubünden,Lüen
1007,Graubünden,Madulain
1008,Graubünden,Maienfeld
1009,Graubünden,Maladers
1010,Graubünden,Malans
1011,Graubünden,Marmorera
1012,Graubünden,Masein
1013,Graubünden,Mastrils
1014,Graubünden,Mathon
1015,Graubünden,Medel (Lucmagn)
1016,Graubünden,Mesocco
1017,Graubünden,Molinis
1018,Graubünden,Mon
1019,Graubünden,Morissen
1020,Graubünden,Mulegns
1021,Graubünden,Mundaun
1022,Graubünden,Mutten
1023,Graubünden,Nufenen
1024,Graubünden,Obersaxen
1025,Graubünden,Paspels
1026,Graubünden,Peist
1027,Graubünden,Pigniu
1028,Graubünden,Pitasch
1029,Graubünden,Pontresina
1030,Graubünden,Poschiavo
1031,Graubünden,Pratval
1032,Graubünden,Ramosch
1033,Graubünden,Rhäzüns
1034,Graubünden,Riein
1035,Graubünden,Riom-Parsonz
1036,Graubünden,Rodels
1037,Graubünden,Rongellen
1038,Graubünden,Rossa
1039,Graubünden,Rothenbrunnen
1040,Graubünden,Roveredo (GR)
1041,Graubünden,Rueun
1042,Graubünden,Ruschein
1043,Graubünden,S-chanf
1044,Graubünden,Saas im Prättigau
1045,Graubünden,Safien
1046,Graubünden,Sagogn
1047,Graubünden,Salouf
1048,Graubünden,Samedan
1049,Graubünden,Samnaun
1050,Graubünden,San Vittore
1051,Graubünden,Santa Maria in Calanca
1052,Graubünden,Savognin
1053,Graubünden,Scharans
1054,Graubünden,Schiers
1055,Graubünden,Schlans
1056,Graubünden,Schluein
1057,Graubünden,Schmitten (GR)
1058,Graubünden,Schnaus
1059,Graubünden,Scuol
1060,Graubünden,Seewis im Prättigau
1061,Graubünden,Selma
1062,Graubünden,Sent
1063,Graubünden,Sevgein
1064,Graubünden,Siat
1065,Graubünden,Sils im Domleschg
1066,Graubünden,Sils im Engadin/Segl
1067,Graubünden,Silvaplana
1068,Graubünden,Soazza
1069,Graubünden,Splügen
1070,Graubünden,St. Antönien
1071,Graubünden,St. Martin
1072,Graubünden,St. Moritz
1073,Graubünden,St. Peter-Pagig
1074,Graubünden,Stierva
1075,Graubünden,Sufers
1076,Graubünden,Sumvitg
1077,Graubünden,Sur
1078,Graubünden,Suraua
1079,Graubünden,Surava
1080,Graubünden,Susch
1081,Graubünden,Tamins
1082,Graubünden,Tarasp
1083,Graubünden,Tenna
1084,Graubünden,Thusis
1085,Graubünden,Tiefencastel
1086,Graubünden,Tinizong-Rona
1087,Graubünden,Tomils
1088,Graubünden,Trimmis
1089,Graubünden,Trin
1090,Graubünden,Trun
1091,Graubünden,Tschappina
1092,Graubünden,Tschiertschen-Praden
1093,Graubünden,Tschlin
1094,Graubünden,Tujetsch
1095,Graubünden,Untervaz
1096,Graubünden,Urmein
1097,Graubünden,Val Müstair
1098,Graubünden,Valendas
1099,Graubünden,Vals
1100,Graubünden,Vaz/Obervaz
1101,Graubünden,Vella
1102,Graubünden,Verdabbio
1103,Graubünden,Versam
1104,Graubünden,Vignogn
1105,Graubünden,Vrin
1106,Graubünden,Waltensburg/Vuorz
1107,Graubünden,Zernez
1108,Graubünden,Zillis-Reischen
1109,Graubünden,Zizers
1110,Graubünden,Zuoz
1111,Jura,Alle
1112,Jura,Basse-Allaine
1113,Jura,Bassecourt
1114,Jura,Beurnevésin
1115,Jura,Boncourt
1116,Jura,Bonfol
1117,Jura,Bourrignon
1118,Jura,Boécourt
1119,Jura,Bressaucourt
1120,Jura,Bure
1121,Jura,Châtillon (JU)
1122,Jura,Clos du Doubs
1123,Jura,Coeuve
1124,Jura,Corban
1125,Jura,Cornol
1126,Jura,Courchapoix
1127,Jura,Courchavon
1128,Jura,Courfaivre
1129,Jura,Courgenay
1130,Jura,Courrendlin
1131,Jura,Courroux
1132,Jura,Courtedoux
1133,Jura,Courtételle
1134,Jura,Damphreux
1135,Jura,Delémont
1136,Jura,Develier
1137,Jura,Ederswiler
1138,Jura,Fahy
1139,Jura,Fontenais
1140,Jura,Glovelier
1141,Jura,Grandfontaine
1142,Jura,Haute-Ajoie
1143,Jura,La Baroche
1144,Jura,La Chaux-des-Breuleux
1145,Jura,Lajoux (JU)
1146,Jura,Le Bémont (JU)
1147,Jura,Le Noirmont
1148,Jura,Les Bois
1149,Jura,Les Breuleux
1150,Jura,Les Enfers
1151,Jura,Les Genevez (JU)
1152,Jura,Lugnez
1153,Jura,Mervelier
1154,Jura,Mettembert
1155,Jura,Montfaucon
1156,Jura,Montsevelier
1157,Jura,Movelier
1158,Jura,Muriaux
1159,Jura,Pleigne
1160,Jura,Porrentruy
1161,Jura,Rebeuvelier
1162,Jura,Rocourt
1163,Jura,Rossemaison
1164,Jura,Saignelégier
1165,Jura,Saint-Brais
1166,Jura,Saulcy
1167,Jura,Soubey
1168,Jura,Soulce
1169,Jura,Soyhières
1170,Jura,Undervelier
1171,Jura,Vellerat
1172,Jura,Vendlincourt
1173,Jura,Vermes
1174,Jura,Vicques
1175,Lucerne,Adligenswil
1176,Lucerne,Aesch (LU)
1177,Lucerne,Alberswil
1178,Lucerne,Altbüron
1179,Lucerne,Altishofen
1180,Lucerne,Altwis
1181,Lucerne,Ballwil
1182,Lucerne,Beromünster
1183,Lucerne,Buchrain
1184,Lucerne,Buttisholz
1185,Lucerne,Büron
1186,Lucerne,Dagmersellen
1187,Lucerne,Dierikon
1188,Lucerne,Doppleschwand
1189,Lucerne,Ebersecken
1190,Lucerne,Ebikon
1191,Lucerne,Egolzwil
1192,Lucerne,Eich
1193,Lucerne,Emmen
1194,Lucerne,Entlebuch
1195,Lucerne,Ermensee
1196,Lucerne,Eschenbach (LU)
1197,Lucerne,Escholzmatt
1198,Lucerne,Ettiswil
1199,Lucerne,Fischbach
1200,Lucerne,Flühli
1201,Lucerne,Gettnau
1202,Lucerne,Geuensee
1203,Lucerne,Gisikon
1204,Lucerne,Greppen
1205,Lucerne,Grossdietwil
1206,Lucerne,Grosswangen
1207,Lucerne,Hasle (LU)
1208,Lucerne,Hergiswil bei Willisau
1209,Lucerne,Hildisrieden
1210,Lucerne,Hitzkirch
1211,Lucerne,Hochdorf
1212,Lucerne,Hohenrain
1213,Lucerne,Honau
1214,Lucerne,Horw
1215,Lucerne,Inwil
1216,Lucerne,Knutwil
1217,Lucerne,Kriens
1218,Lucerne,Lucerne
1219,Lucerne,Luthern
1220,Lucerne,Malters
1221,Lucerne,Marbach (LU)
1222,Lucerne,Mauensee
1223,Lucerne,Meggen
1224,Lucerne,Meierskappel
1225,Lucerne,Menznau
1226,Lucerne,Nebikon
1227,Lucerne,Neudorf
1228,Lucerne,Neuenkirch
1229,Lucerne,Nottwil
1230,Lucerne,Oberkirch
1231,Lucerne,Ohmstal
1232,Lucerne,Pfaffnau
1233,Lucerne,Pfeffikon
1234,Lucerne,Rain
1235,Lucerne,Reiden
1236,Lucerne,Rickenbach (LU)
1237,Lucerne,Roggliswil
1238,Lucerne,Romoos
1239,Lucerne,Root
1240,Lucerne,Rothenburg
1241,Lucerne,Ruswil
1242,Lucerne,Römerswil
1243,Lucerne,Schenkon
1244,Lucerne,Schlierbach
1245,Lucerne,Schongau
1246,Lucerne,"Schwarzenberg, Switzerland"
1247,Lucerne,Schötz
1248,Lucerne,Schüpfheim
1249,Lucerne,Sempach
1250,Lucerne,Sursee
1251,Lucerne,Triengen
1252,Lucerne,Udligenswil
1253,Lucerne,Ufhusen
1254,Lucerne,Vitznau
1255,Lucerne,Wauwil
1256,Lucerne,Weggis
1257,Lucerne,Werthenstein
1258,Lucerne,Wikon
1259,Lucerne,Willisau
1260,Lucerne,Wolhusen
1261,Lucerne,Zell (LU)
1262,Neuchâtel,Auvernier
1263,Neuchâtel,Bevaix
1264,Neuchâtel,Boudevilliers
1265,Neuchâtel,Boudry
1266,Neuchâtel,Brot-Dessous
1267,Neuchâtel,Brot-Plamboz
1268,Neuchâtel,Bôle
1269,Neuchâtel,Cernier
1270,Neuchâtel,Chézard-Saint-Martin
1271,Neuchâtel,Coffrane
1272,Neuchâtel,Colombier (NE)
1273,Neuchâtel,Corcelles-Cormondrèche
1274,Neuchâtel,Cornaux
1275,Neuchâtel,Cortaillod
1276,Neuchâtel,Cressier (NE)
1277,Neuchâtel,Dombresson
1278,Neuchâtel,Enges
1279,Neuchâtel,Engollon
1280,Neuchâtel,Fenin-Vilars-Saules
1281,Neuchâtel,Fontainemelon
1282,Neuchâtel,Fontaines (NE)
1283,Neuchâtel,Fresens
1284,Neuchâtel,Gorgier
1285,Neuchâtel,Hauterive (NE)
1286,Neuchâtel,La Brévine
1287,Neuchâtel,La Chaux-de-Fonds
1288,Neuchâtel,La Chaux-du-Milieu
1289,Neuchâtel,La Côte-aux-Fées
1290,Neuchâtel,La Sagne
1291,Neuchâtel,La Tène
1292,Neuchâtel,Le Cerneux-Péquignot
1293,Neuchâtel,Le Landeron
1294,Neuchâtel,Le Locle
1295,Neuchâtel,Le Pâquier (NE)
1296,Neuchâtel,Les Brenets
1297,Neuchâtel,Les Geneveys-sur-Coffrane
1298,Neuchâtel,Les Hauts-Geneveys
1299,Neuchâtel,Les Planchettes
1300,Neuchâtel,Les Ponts-de-Martel
1301,Neuchâtel,Les Verrières
1302,Neuchâtel,Lignières
1303,Neuchâtel,Montalchez
1304,Neuchâtel,Montmollin
1305,Neuchâtel,Neuchâtel
1306,Neuchâtel,Peseux
1307,Neuchâtel,Rochefort
1308,Neuchâtel,Saint-Aubin-Sauges
1309,Neuchâtel,Saint-Blaise
1310,Neuchâtel,Savagnier
1311,Neuchâtel,Val-de-Travers
1312,Neuchâtel,Valangin
1313,Neuchâtel,Vaumarcus
1314,Neuchâtel,Villiers
1315,Nidwalden,Beckenried
1316,Nidwalden,Buochs
1317,Nidwalden,Dallenwil
1318,Nidwalden,Emmetten
1319,Nidwalden,Ennetbürgen
1320,Nidwalden,Ennetmoos
1321,Nidwalden,Hergiswil (NW)
1322,Nidwalden,Oberdorf (NW)
1323,Nidwalden,Stans
1324,Nidwalden,Stansstad
1325,Nidwalden,Wolfenschiessen
1326,Obwalden,Alpnach
1327,Obwalden,Engelberg
1328,Obwalden,Giswil
1329,Obwalden,Kerns
1330,Obwalden,Lungern
1331,Obwalden,Sachseln
1332,Obwalden,Sarnen
1333,Schaffhausen,Bargen (SH)
1334,Schaffhausen,Beggingen
1335,Schaffhausen,Beringen
1336,Schaffhausen,Buch (SH)
1337,Schaffhausen,Buchberg
1338,Schaffhausen,Büttenhardt
1339,Schaffhausen,Dörflingen
1340,Schaffhausen,Guntmadingen
1341,Schaffhausen,Gächlingen
1342,Schaffhausen,Hallau
1343,Schaffhausen,Hemishofen
1344,Schaffhausen,Lohn (SH)
1345,Schaffhausen,Löhningen
1346,Schaffhausen,Merishausen
1347,Schaffhausen,Neuhausen am Rheinfall
1348,Schaffhausen,Neunkirch
1349,Schaffhausen,Oberhallau
1350,Schaffhausen,Ramsen
1351,Schaffhausen,Rüdlingen
1352,Schaffhausen,Schaffhausen
1353,Schaffhausen,Schleitheim
1354,Schaffhausen,Siblingen
1355,Schaffhausen,Stein am Rhein
1356,Schaffhausen,Stetten (SH)
1357,Schaffhausen,Thayngen
1358,Schaffhausen,Trasadingen
1359,Schaffhausen,Wilchingen
1360,Schwyz,Alpthal
1361,Schwyz,Altendorf
1362,Schwyz,Arth
1363,Schwyz,Einsiedeln
1364,Schwyz,Feusisberg
1365,Schwyz,Freienbach
1366,Schwyz,Galgenen
1367,Schwyz,Gersau
1368,Schwyz,Illgau
1369,Schwyz,Ingenbohl
1370,Schwyz,Innerthal
1371,Schwyz,Küssnacht (SZ)
1372,Schwyz,Lachen
1373,Schwyz,Lauerz
1374,Schwyz,Morschach
1375,Schwyz,Muotathal
1376,Schwyz,Oberiberg
1377,Schwyz,Reichenburg
1378,Schwyz,Riemenstalden
1379,Schwyz,Rothenthurm
1380,Schwyz,Sattel
1381,Schwyz,Schwyz
1382,Schwyz,Schübelbach
1383,Schwyz,Steinen
1384,Schwyz,Steinerberg
1385,Schwyz,Tuggen
1386,Schwyz,Unteriberg
1387,Schwyz,Vorderthal
1388,Schwyz,Wangen (SZ)
1389,Schwyz,Wollerau
1390,Solothurn,Aedermannsdorf
1391,Solothurn,Aeschi (SO)
1392,Solothurn,Aetigkofen
1393,Solothurn,Aetingen
1394,Solothurn,Balm bei Günsberg
1395,Solothurn,Balsthal
1396,Solothurn,Beinwil (SO)
1397,Solothurn,Bellach
1398,Solothurn,Bettlach
1399,Solothurn,Biberist
1400,Solothurn,Bibern (SO)
1401,Solothurn,Biezwil
1402,Solothurn,Bolken
1403,Solothurn,Boningen
1404,Solothurn,Breitenbach
1405,Solothurn,Brügglen
1406,Solothurn,Bärschwil
1407,Solothurn,Bättwil
1408,Solothurn,Büren (SO)
1409,Solothurn,Büsserach
1410,Solothurn,Deitingen
1411,Solothurn,Derendingen
1412,Solothurn,Dornach
1413,Solothurn,Dulliken
1414,Solothurn,Däniken
1415,Solothurn,Egerkingen
1416,Solothurn,Eppenberg-Wöschnau
1417,Solothurn,Erlinsbach (SO)
1418,Solothurn,Erschwil
1419,Solothurn,Etziken
1420,Solothurn,Fehren
1421,Solothurn,Feldbrunnen-St. Niklaus
1422,Solothurn,Flumenthal
1423,Solothurn,Fulenbach
1424,Solothurn,Gempen
1425,Solothurn,Gerlafingen
1426,Solothurn,Gossliwil
1427,Solothurn,Grenchen
1428,Solothurn,Gretzenbach
1429,Solothurn,Grindel
1430,Solothurn,Gunzgen
1431,Solothurn,Gänsbrunnen
1432,Solothurn,Günsberg
1433,Solothurn,Halten
1434,Solothurn,Hauenstein-Ifenthal
1435,Solothurn,Heinrichswil-Winistorf
1436,Solothurn,Herbetswil
1437,Solothurn,Hersiwil
1438,Solothurn,Hessigkofen
1439,Solothurn,Himmelried
1440,Solothurn,Hochwald
1441,Solothurn,Hofstetten-Flüh
1442,Solothurn,Holderbank (SO)
1443,Solothurn,Horriwil
1444,Solothurn,Hubersdorf
1445,Solothurn,Hägendorf
1446,Solothurn,Härkingen
1447,Solothurn,Hüniken
1448,Solothurn,Kammersrohr
1449,Solothurn,Kappel (SO)
1450,Solothurn,Kestenholz
1451,Solothurn,Kienberg
1452,Solothurn,Kleinlützel
1453,Solothurn,Kriegstetten
1454,Solothurn,Kyburg-Buchegg
1455,Solothurn,Küttigkofen
1456,Solothurn,Langendorf
1457,Solothurn,Laupersdorf
1458,Solothurn,Lohn-Ammannsegg
1459,Solothurn,Lommiswil
1460,Solothurn,Lostorf
1461,Solothurn,Luterbach
1462,Solothurn,Lüsslingen
1463,Solothurn,Lüterkofen-Ichertswil
1464,Solothurn,Lüterswil-Gächliwil
1465,Solothurn,Matzendorf
1466,Solothurn,Meltingen
1467,Solothurn,Messen
1468,Solothurn,Metzerlen-Mariastein
1469,Solothurn,Mühledorf (SO)
1470,Solothurn,Mümliswil-Ramiswil
1471,Solothurn,Nennigkofen
1472,Solothurn,Neuendorf
1473,Solothurn,Niederbuchsiten
1474,Solothurn,Niedergösgen
1475,Solothurn,Nuglar-St. Pantaleon
1476,Solothurn,Nunningen
1477,Solothurn,Oberbuchsiten
1478,Solothurn,Oberdorf (SO)
1479,Solothurn,Obergerlafingen
1480,Solothurn,Obergösgen
1481,Solothurn,Oekingen
1482,Solothurn,Oensingen
1483,Solothurn,Olten
1484,Solothurn,Recherswil
1485,Solothurn,Rickenbach (SO)
1486,Solothurn,Riedholz
1487,Solothurn,Rodersdorf
1488,Solothurn,Rohr (SO)
1489,Solothurn,Rüttenen
1490,Solothurn,Schnottwil
1491,Solothurn,Schönenwerd
1492,Solothurn,Seewen
1493,Solothurn,Selzach
1494,Solothurn,Solothurn
1495,Solothurn,Starrkirch-Wil
1496,Solothurn,Steinhof
1497,Solothurn,Stüsslingen
1498,Solothurn,Subingen
1499,Solothurn,Trimbach
1500,Solothurn,Tscheppach
1501,Solothurn,Unterramsern
1502,Solothurn,Walterswil (SO)
1503,Solothurn,Wangen bei Olten
1504,Solothurn,Welschenrohr
1505,Solothurn,Winznau
1506,Solothurn,Wisen (SO)
1507,Solothurn,Witterswil
1508,Solothurn,Wolfwil
1509,Solothurn,Zuchwil
1510,Solothurn,Zullwil
1511,St. Gallen,Altstätten
1512,St. Gallen,Amden
1513,St. Gallen,Andwil (SG)
1514,St. Gallen,Au (SG)
1515,St. Gallen,Bad Ragaz
1516,St. Gallen,Balgach
1517,St. Gallen,Benken (SG)
1518,St. Gallen,Berg (SG)
1519,St. Gallen,Berneck
1520,St. Gallen,Bronschhofen
1521,St. Gallen,Buchs (SG)
1522,St. Gallen,Bütschwil
1523,St. Gallen,Degersheim
1524,St. Gallen,Diepoldsau
1525,St. Gallen,Ebnat-Kappel
1526,St. Gallen,Eggersriet
1527,St. Gallen,Eichberg
1528,St. Gallen,Ernetschwil
1529,St. Gallen,Eschenbach (SG)
1530,St. Gallen,Flawil
1531,St. Gallen,Flums
1532,St. Gallen,Gaiserwald
1533,St. Gallen,Gams
1534,St. Gallen,Ganterschwil
1535,St. Gallen,Goldach
1536,St. Gallen,Goldingen
1537,St. Gallen,Gommiswald
1538,St. Gallen,Gossau (SG)
1539,St. Gallen,Grabs
1540,St. Gallen,Hemberg
1541,St. Gallen,Häggenschwil
1542,St. Gallen,Jonschwil
1543,St. Gallen,Kaltbrunn
1544,St. Gallen,Kirchberg (SG)
1545,St. Gallen,Krinau
1546,St. Gallen,Lichtensteig
1547,St. Gallen,Lütisburg
1548,St. Gallen,Marbach (SG)
1549,St. Gallen,Mels
1550,St. Gallen,Mosnang
1551,St. Gallen,Muolen
1552,St. Gallen,Mörschwil
1553,St. Gallen,Neckertal
1554,St. Gallen,Nesslau-Krummenau
1555,St. Gallen,Niederbüren
1556,St. Gallen,Niederhelfenschwil
1557,St. Gallen,Oberbüren
1558,St. Gallen,Oberhelfenschwil
1559,St. Gallen,Oberriet (SG)
1560,St. Gallen,Oberuzwil
1561,St. Gallen,Pfäfers
1562,St. Gallen,Quarten
1563,St. Gallen,Rapperswil-Jona
1564,St. Gallen,Rebstein
1565,St. Gallen,Rheineck
1566,St. Gallen,Rieden
1567,St. Gallen,Rorschach
1568,St. Gallen,Rorschacherberg
1569,St. Gallen,Rüthi (SG)
1570,St. Gallen,Sargans
1571,St. Gallen,Schmerikon
1572,St. Gallen,Schänis
1573,St. Gallen,Sennwald
1574,St. Gallen,Sevelen
1575,St. Gallen,St. Gallen
1576,St. Gallen,St. Gallenkappel
1577,St. Gallen,St. Margrethen
1578,St. Gallen,Stein (SG)
1579,St. Gallen,Steinach
1580,St. Gallen,Thal
1581,St. Gallen,Tübach
1582,St. Gallen,Untereggen
1583,St. Gallen,Uznach
1584,St. Gallen,Uzwil
1585,St. Gallen,Vilters-Wangs
1586,St. Gallen,Waldkirch
1587,St. Gallen,Walenstadt
1588,St. Gallen,Wartau
1589,St. Gallen,Wattwil
1590,St. Gallen,Weesen
1591,St. Gallen,Widnau
1592,St. Gallen,Wil (SG)
1593,St. Gallen,Wildhaus-Alt St. Johann
1594,St. Gallen,Wittenbach
1595,St. Gallen,Zuzwil (SG)
1596,Thurgau,Aadorf
1597,Thurgau,Affeltrangen
1598,Thurgau,Altnau
1599,Thurgau,Amlikon-Bissegg
1600,Thurgau,Amriswil
1601,Thurgau,Arbon
1602,Thurgau,Basadingen-Schlattingen
1603,Thurgau,Berg (TG)
1604,Thurgau,Berlingen
1605,Thurgau,Bettwiesen
1606,Thurgau,Bichelsee-Balterswil
1607,Thurgau,Birwinken
1608,Thurgau,Bischofszell
1609,Thurgau,Bottighofen
1610,Thurgau,Braunau
1611,Thurgau,Bussnang
1612,Thurgau,Bürglen (TG)
1613,Thurgau,Diessenhofen
1614,Thurgau,Dozwil
1615,Thurgau,Egnach
1616,Thurgau,Erlen
1617,Thurgau,Ermatingen
1618,Thurgau,Eschenz
1619,Thurgau,Eschlikon
1620,Thurgau,Felben-Wellhausen
1621,Thurgau,Fischingen
1622,Thurgau,Frauenfeld
1623,Thurgau,Gachnang
1624,Thurgau,Gottlieben
1625,Thurgau,Güttingen
1626,Thurgau,Hauptwil-Gottshaus
1627,Thurgau,Hefenhofen
1628,Thurgau,Herdern
1629,Thurgau,Hohentannen
1630,Thurgau,Homburg
1631,Thurgau,Horn
1632,Thurgau,Hüttlingen
1633,Thurgau,Hüttwilen
1634,Thurgau,Kemmental
1635,Thurgau,Kesswil
1636,Thurgau,Kradolf-Schönenberg
1637,Thurgau,Kreuzlingen
1638,Thurgau,Langrickenbach
1639,Thurgau,Lengwil
1640,Thurgau,Lommis
1641,Thurgau,Mammern
1642,Thurgau,Matzingen
1643,Thurgau,Märstetten
1644,Thurgau,Müllheim
1645,Thurgau,Münchwilen (TG)
1646,Thurgau,Münsterlingen
1647,Thurgau,Neunforn
1648,Thurgau,Pfyn
1649,Thurgau,Raperswilen
1650,Thurgau,Rickenbach (TG)
1651,Thurgau,Roggwil (TG)
1652,Thurgau,Romanshorn
1653,Thurgau,Salenstein
1654,Thurgau,Salmsach
1655,Thurgau,Schlatt (TG)
1656,Thurgau,Schönholzerswilen
1657,Thurgau,Sirnach
1658,Thurgau,Sommeri
1659,Thurgau,Steckborn
1660,Thurgau,Stettfurt
1661,Thurgau,Sulgen
1662,Thurgau,Thundorf
1663,Thurgau,Tobel-Tägerschen
1664,Thurgau,Tägerwilen
1665,Thurgau,Uesslingen-Buch
1666,Thurgau,Uttwil
1667,Thurgau,Wagenhausen
1668,Thurgau,Warth-Weiningen
1669,Thurgau,Weinfelden
1670,Thurgau,Wigoltingen
1671,Thurgau,Wilen (TG)
1672,Thurgau,Wuppenau
1673,Thurgau,Wäldi
1674,Thurgau,Wängi
1675,Thurgau,Zihlschlacht-Sitterdorf
1676,Ticino,Acquarossa
1677,Ticino,Agno
1678,Ticino,Airolo
1679,Ticino,Alto Malcantone
1680,Ticino,Anzonico
1681,Ticino,Aranno
1682,Ticino,Arbedo-Castione
1683,Ticino,Arogno
1684,Ticino,Ascona
1685,Ticino,Astano
1686,Ticino,Avegno Gordevio
1687,Ticino,Balerna
1688,Ticino,Bedano
1689,Ticino,Bedigliora
1690,Ticino,Bedretto
1691,Ticino,Bellinzona
1692,Ticino,Besazio
1693,Ticino,Biasca
1694,Ticino,Bioggio
1695,Ticino,Bissone
1696,Ticino,Blenio
1697,Ticino,Bodio
1698,Ticino,Bogno
1699,Ticino,Bosco/Gurin
1700,Ticino,Breggia
1701,Ticino,Brione (Verzasca)
1702,Ticino,Brione sopra Minusio
1703,Ticino,Brissago
1704,Ticino,Brusino Arsizio
1705,Ticino,Cademario
1706,Ticino,Cadempino
1707,Ticino,Cadenazzo
1708,Ticino,Cadro
1709,Ticino,Calpiogna
1710,Ticino,Camorino
1711,Ticino,Campello
1712,Ticino,Campo (Vallemaggia)
1713,Ticino,Canobbio
1714,Ticino,Capriasca
1715,Ticino,Carabietta
1716,Ticino,Carona
1717,Ticino,Caslano
1718,Ticino,Castel San Pietro
1719,Ticino,Cavagnago
1720,Ticino,Cavigliano
1721,Ticino,Centovalli
1722,Ticino,Cerentino
1723,Ticino,Certara
1724,Ticino,Cevio
1725,Ticino,Chiasso
1726,Ticino,Chironico
1727,Ticino,Cimadera
1728,Ticino,Claro
1729,Ticino,Coldrerio
1730,Ticino,Collina d'Oro
1731,Ticino,Comano
1732,Ticino,Corippo
1733,Ticino,Cresciano
1734,Ticino,Croglio
1735,Ticino,Cugnasco-Gerra
1736,Ticino,Cureglia
1737,Ticino,Curio
1738,Ticino,Dalpe
1739,Ticino,Faido
1740,Ticino,Frasco
1741,Ticino,Gambarogno
1742,Ticino,Giornico
1743,Ticino,Giubiasco
1744,Ticino,Gnosca
1745,Ticino,Gordola
1746,Ticino,Gorduno
1747,Ticino,Grancia
1748,Ticino,Gravesano
1749,Ticino,Gresso
1750,Ticino,Gudo
1751,Ticino,Iragna
1752,Ticino,Isone
1753,Ticino,Isorno
1754,Ticino,Lamone
1755,Ticino,Lavertezzo
1756,Ticino,Lavizzara
1757,Ticino,Ligornetto
1758,Ticino,Linescio
1759,Ticino,Locarno
1760,Ticino,Lodrino
1761,Ticino,Losone
1762,Ticino,Ludiano
1763,Ticino,Lugano
1764,Ticino,Lumino
1765,Ticino,Maggia
1766,Ticino,Magliaso
1767,Ticino,Mairengo
1768,Ticino,Malvaglia
1769,Ticino,Manno
1770,Ticino,Maroggia
1771,Ticino,Massagno
1772,Ticino,Melano
1773,Ticino,Melide
1774,Ticino,Mendrisio
1775,Ticino,Mergoscia
1776,Ticino,Meride
1777,Ticino,Mezzovico-Vira
1778,Ticino,Miglieglia
1779,Ticino,Minusio
1780,Ticino,Moleno
1781,Ticino,Monte Carasso
1782,Ticino,Monteceneri
1783,Ticino,Monteggio
1784,Ticino,Morbio Inferiore
1785,Ticino,Morcote
1786,Ticino,Mosogno
1787,Ticino,Muralto
1788,Ticino,Muzzano
1789,Ticino,Neggio
1790,Ticino,Novaggio
1791,Ticino,Novazzano
1792,Ticino,Onsernone
1793,Ticino,Origlio
1794,Ticino,Orselina
1795,Ticino,Osco
1796,Ticino,Osogna
1797,Ticino,Paradiso
1798,Ticino,Personico
1799,Ticino,Pianezzo
1800,Ticino,Pollegio
1801,Ticino,Ponte Capriasca
1802,Ticino,Ponte Tresa
1803,Ticino,Porza
1804,Ticino,Prato (Leventina)
1805,Ticino,Preonzo
1806,Ticino,Pura
1807,Ticino,Quinto
1808,Ticino,Riva San Vitale
1809,Ticino,Ronco sopra Ascona
1810,Ticino,Rovio
1811,Ticino,Sant'Antonino
1812,Ticino,Sant'Antonio
1813,Ticino,Savosa
1814,Ticino,Sementina
1815,Ticino,Semione
1816,Ticino,Sessa
1817,Ticino,Sobrio
1818,Ticino,Sonogno
1819,Ticino,Sonvico
1820,Ticino,Sorengo
1821,Ticino,Stabio
1822,Ticino,Tegna
1823,Ticino,Tenero-Contra
1824,Ticino,Torricella-Taverne
1825,Ticino,Vacallo
1826,Ticino,Valcolla
1827,Ticino,Vergeletto
1828,Ticino,Vernate
1829,Ticino,Verscio
1830,Ticino,Vezia
1831,Ticino,Vico Morcote
1832,Ticino,Vogorno
1833,Uri,Altdorf (UR)
1834,Uri,Andermatt
1835,Uri,Attinghausen
1836,Uri,Bauen
1837,Uri,Bürglen (UR)
1838,Uri,Erstfeld
1839,Uri,Flüelen
1840,Uri,Gurtnellen
1841,Uri,Göschenen
1842,Uri,Hospental
1843,Uri,Isenthal
1844,Uri,Realp
1845,Uri,Schattdorf
1846,Uri,Seedorf (UR)
1847,Uri,Seelisberg
1848,Uri,Silenen
1849,Uri,Sisikon
1850,Uri,Spiringen
1851,Uri,Unterschächen
1852,Uri,Wassen
1853,Valais,Agarn
1854,Valais,Albinen
1855,Valais,Anniviers
1856,Valais,Arbaz
1857,Valais,Ardon
1858,Valais,Ausserberg
1859,Valais,Ayent
1860,Valais,Bagnes
1861,Valais,Baltschieder
1862,Valais,Bellwald
1863,Valais,Betten
1864,Valais,Binn
1865,Valais,Birgisch
1866,Valais,Bister
1867,Valais,Bitsch
1868,Valais,Blatten
1869,Valais,Blitzingen
1870,Valais,Bourg-Saint-Pierre
1871,Valais,Bovernier
1872,Valais,Brig-Glis
1873,Valais,Bürchen
1874,Valais,Chalais
1875,Valais,Chamoson
1876,Valais,Champéry
1877,Valais,Charrat
1878,Valais,Chermignon
1879,Valais,Chippis
1880,Valais,Collombey-Muraz
1881,Valais,Collonges
1882,Valais,Conthey
1883,Valais,Dorénaz
1884,Valais,Eggerberg
1885,Valais,Eischoll
1886,Valais,Eisten
1887,Valais,Embd
1888,Valais,Ergisch
1889,Valais,Ernen
1890,Valais,Erschmatt
1891,Valais,Evionnaz
1892,Valais,Evolène
1893,Valais,Ferden
1894,Valais,Fiesch
1895,Valais,Fieschertal
1896,Valais,Finhaut
1897,Valais,Fully
1898,Valais,Gampel-Bratsch
1899,Valais,Grafschaft
1900,Valais,Grengiols
1901,Valais,Grimisuat
1902,Valais,Grächen
1903,Valais,Grône
1904,Valais,Guttet-Feschel
1905,Valais,Hérémence
1906,Valais,Icogne
1907,Valais,Inden
1908,Valais,Isérables
1909,Valais,Kippel
1910,Valais,Lalden
1911,Valais,Lax
1912,Valais,Lens
1913,Valais,Les Agettes
1914,Valais,Leuk
1915,Valais,Leukerbad
1916,Valais,Leytron
1917,Valais,Liddes
1918,Valais,Martigny
1919,Valais,Martigny-Combe
1920,Valais,Martisberg
1921,Valais,Massongex
1922,Valais,Mex (VS)
1923,Valais,Miège
1924,Valais,Mollens (VS)
1925,Valais,Mont-Noble
1926,Valais,Montana
1927,Valais,Monthey
1928,Valais,Mund
1929,Valais,Mörel-Filet
1930,Valais,Münster-Geschinen
1931,Valais,Naters
1932,Valais,Nendaz
1933,Valais,Niedergesteln
1934,Valais,Niederwald
1935,Valais,Oberems
1936,Valais,Obergoms
1937,Valais,Orsières
1938,Valais,Port-Valais
1939,Valais,Randa
1940,Valais,Randogne
1941,Valais,Raron
1942,Valais,Reckingen-Gluringen
1943,Valais,Riddes
1944,Valais,Ried-Brig
1945,Valais,Riederalp
1946,Valais,Saas-Almagell
1947,Valais,Saas-Balen
1948,Valais,Saas-Fee
1949,Valais,Saas-Grund
1950,Valais,Saillon
1951,Valais,Saint-Gingolph
1952,Valais,Saint-Léonard
1953,Valais,Saint-Martin (VS)
1954,Valais,Saint-Maurice
1955,Valais,Salgesch
1956,Valais,Salins
1957,Valais,Salvan
1958,Valais,Savièse
1959,Valais,Saxon
1960,Valais,Sembrancher
1961,Valais,Sierre
1962,Valais,Simplon
1963,Valais,Sion
1964,Valais,St. Niklaus
1965,Valais,Stalden (VS)
1966,Valais,Staldenried
1967,Valais,Steg-Hohtenn
1968,Valais,Termen
1969,Valais,Trient
1970,Valais,Troistorrents
1971,Valais,Turtmann
1972,Valais,Täsch
1973,Valais,Törbel
1974,Valais,Unterbäch
1975,Valais,Unterems
1976,Valais,Val-d'Illiez
1977,Valais,Varen
1978,Valais,Venthône
1979,Valais,Vernayaz
1980,Valais,Vex
1981,Valais,Veyras
1982,Valais,Veysonnaz
1983,Valais,Vionnaz
1984,Valais,Visp
1985,Valais,Visperterminen
1986,Valais,Vollèges
1987,Valais,Vouvry
1988,Valais,Vérossaz
1989,Valais,Vétroz
1990,Valais,Wiler (Lötschen)
1991,Valais,Zeneggen
1992,Valais,Zermatt
1993,Valais,Zwischbergen
1994,Vaud,Aclens
1995,Vaud,Agiez
1996,Vaud,Aigle
1997,Vaud,Allaman
1998,Vaud,Apples
1999,Vaud,Arnex-sur-Nyon
2000,Vaud,Arnex-sur-Orbe
2001,Vaud,Arzier
2002,Vaud,Assens
2003,Vaud,Aubonne
2004,Vaud,Avenches
2005,Vaud,Ballaigues
2006,Vaud,Ballens
2007,Vaud,Bassins
2008,Vaud,Baulmes
2009,Vaud,Bavois
2010,Vaud,Begnins
2011,Vaud,Bellerive (VD)
2012,Vaud,Belmont-sur-Lausanne
2013,Vaud,Belmont-sur-Yverdon
2014,Vaud,Bercher
2015,Vaud,Berolle
2016,Vaud,Bettens
2017,Vaud,Bex
2018,Vaud,Bioley-Magnoux
2019,Vaud,Bioley-Orjulaz
2020,Vaud,Bière
2021,Vaud,Blonay
2022,Vaud,Bofflens
2023,Vaud,Bogis-Bossey
2024,Vaud,Bonvillars
2025,Vaud,Borex
2026,Vaud,Bottens
2027,Vaud,Bougy-Villars
2028,Vaud,Boulens
2029,Vaud,Bournens
2030,Vaud,Boussens
2031,Vaud,Bremblens
2032,Vaud,Brenles
2033,Vaud,Bretigny-sur-Morrens
2034,Vaud,Bretonnières
2035,Vaud,Buchillon
2036,Vaud,Bullet
2037,Vaud,Bursinel
2038,Vaud,Bursins
2039,Vaud,Burtigny
2040,Vaud,Bussigny-près-Lausanne
2041,Vaud,Bussigny-sur-Oron
2042,Vaud,Bussy-Chardonney
2043,Vaud,Bussy-sur-Moudon
2044,Vaud,Carrouge
2045,Vaud,Cerniaz (VD)
2046,Vaud,Chabrey
2047,Vaud,Chamblon
2048,Vaud,Champagne
2049,Vaud,Champtauroz
2050,Vaud,Champvent
2051,Vaud,Chanéaz
2052,Vaud,Chapelle-sur-Moudon
2053,Vaud,Chardonne
2054,Vaud,Chavannes-de-Bogis
2055,Vaud,Chavannes-des-Bois
2056,Vaud,Chavannes-le-Chêne
2057,Vaud,Chavannes-le-Veyron
2058,Vaud,Chavannes-près-Renens
2059,Vaud,Chavannes-sur-Moudon
2060,Vaud,Chavornay
2061,Vaud,Chesalles-sur-Moudon
2062,Vaud,Chesalles-sur-Oron
2063,Vaud,Cheseaux-Noréaz
2064,Vaud,Cheseaux-sur-Lausanne
2065,Vaud,Chessel
2066,Vaud,Chevilly
2067,Vaud,Chevroux
2068,Vaud,Chexbres
2069,Vaud,Chigny
2070,Vaud,Château-d'Oex
2071,Vaud,Châtillens
2072,Vaud,Chéserex
2073,Vaud,Chêne-Pâquier
2074,Vaud,Clarmont
2075,Vaud,Coinsins
2076,Vaud,Colombier (VD)
2077,Vaud,Combremont-le-Grand
2078,Vaud,Combremont-le-Petit
2079,Vaud,Commugny
2080,Vaud,Concise
2081,Vaud,Constantine
2082,Vaud,Coppet
2083,Vaud,Corbeyrier
2084,Vaud,Corcelles-le-Jorat
2085,Vaud,Corcelles-près-Concise
2086,Vaud,Corcelles-près-Payerne
2087,Vaud,Corcelles-sur-Chavornay
2088,Vaud,Correvon
2089,Vaud,Corseaux
2090,Vaud,Corsier-sur-Vevey
2091,Vaud,Cossonay
2092,Vaud,Cottens (VD)
2093,Vaud,Crans-près-Céligny
2094,Vaud,Crassier
2095,Vaud,Cremin
2096,Vaud,Crissier
2097,Vaud,Cronay
2098,Vaud,Croy
2099,Vaud,Cuarnens
2100,Vaud,Cuarny
2101,Vaud,Cudrefin
2102,Vaud,Cugy (VD)
2103,Vaud,Cully
2104,Vaud,Curtilles
2105,Vaud,Daillens
2106,Vaud,Denens
2107,Vaud,Denezy
2108,Vaud,Denges
2109,Vaud,Dizy
2110,Vaud,Dommartin
2111,Vaud,Dompierre (VD)
2112,Vaud,Donneloye
2113,Vaud,Duillier
2114,Vaud,Dully
2115,Vaud,Démoret
2116,Vaud,Echandens
2117,Vaud,Echichens
2118,Vaud,Eclépens
2119,Vaud,Ecoteaux
2120,Vaud,Epalinges
2121,Vaud,Epesses
2122,Vaud,Essert-Pittet
2123,Vaud,Essert-sous-Champvent
2124,Vaud,Essertes
2125,Vaud,Essertines-sur-Rolle
2126,Vaud,Essertines-sur-Yverdon
2127,Vaud,Etagnières
2128,Vaud,Etoy
2129,Vaud,Eysins
2130,Vaud,Faoug
2131,Vaud,Ferlens (VD)
2132,Vaud,Ferreyres
2133,Vaud,Fey
2134,Vaud,Fiez
2135,Vaud,Fontaines-sur-Grandson
2136,Vaud,Fontanezier
2137,Vaud,Forel (Lavaux)
2138,Vaud,Forel-sur-Lucens
2139,Vaud,Founex
2140,Vaud,Froideville
2141,Vaud,Féchy
2142,Vaud,Genolier
2143,Vaud,Giez
2144,Vaud,Gilly
2145,Vaud,Gimel
2146,Vaud,Gingins
2147,Vaud,Givrins
2148,Vaud,Gland
2149,Vaud,Gollion
2150,Vaud,Goumoens-la-Ville
2151,Vaud,Goumoens-le-Jux
2152,Vaud,Grancy
2153,Vaud,Grandcour
2154,Vaud,Grandevent
2155,Vaud,Grandson
2156,Vaud,Grandvaux
2157,Vaud,Granges-près-Marnand
2158,Vaud,Grens
2159,Vaud,Gressy
2160,Vaud,Gryon
2161,Vaud,Henniez
2162,Vaud,Hermenches
2163,Vaud,Jongny
2164,Vaud,Jouxtens-Mézery
2165,Vaud,Juriens
2166,Vaud,L'Abbaye
2167,Vaud,L'Abergement
2168,Vaud,L'Isle
2169,Vaud,La Chaux (Cossonay)
2170,Vaud,La Praz
2171,Vaud,La Rippe
2172,Vaud,La Sarraz
2173,Vaud,La Tour-de-Peilz
2174,Vaud,Lausanne
2175,Vaud,Lavey-Morcles
2176,Vaud,Lavigny
2177,Vaud,Le Chenit
2178,Vaud,Le Lieu
2179,Vaud,Le Mont-sur-Lausanne
2180,Vaud,Le Vaud
2181,Vaud,Les Clées
2182,Vaud,Les Cullayes
2183,Vaud,Les Tavernes
2184,Vaud,Les Thioleyres
2185,Vaud,Leysin
2186,Vaud,Lignerolle
2187,Vaud,Lonay
2188,Vaud,Longirod
2189,Vaud,Lovatens
2190,Vaud,Lucens
2191,Vaud,Luins
2192,Vaud,Lully (VD)
2193,Vaud,Lussery-Villars
2194,Vaud,Lussy-sur-Morges
2195,Vaud,Lutry
2196,Vaud,Maracon
2197,Vaud,Marchissy
2198,Vaud,Marnand
2199,Vaud,Martherenges
2200,Vaud,Mathod
2201,Vaud,Mauborget
2202,Vaud,Mauraz
2203,Vaud,Mex (VD)
2204,Vaud,Mies
2205,Vaud,Missy
2206,Vaud,Moiry
2207,Vaud,Mollens (VD)
2208,Vaud,Molondin
2209,Vaud,Monnaz
2210,Vaud,Mont-la-Ville
2211,Vaud,Mont-sur-Rolle
2212,Vaud,Montagny-près-Yverdon
2213,Vaud,Montaubion-Chardonney
2214,Vaud,Montcherand
2215,Vaud,Montherod
2216,Vaud,Montmagny
2217,Vaud,Montpreveyres
2218,Vaud,Montreux
2219,Vaud,Montricher
2220,Vaud,Morges
2221,Vaud,Morrens (VD)
2222,Vaud,Moudon
2223,Vaud,Mur (VD)
2224,Vaud,Mutrux
2225,Vaud,Mézières (VD)
2226,Vaud,Naz
2227,Vaud,Neyruz-sur-Moudon
2228,Vaud,Novalles
2229,Vaud,Noville
2230,Vaud,Nyon
2231,Vaud,Ogens
2232,Vaud,Oleyres
2233,Vaud,Ollon
2234,Vaud,Onnens (VD)
2235,Vaud,Oppens
2236,Vaud,Orbe
2237,Vaud,Orges
2238,Vaud,Ormont-Dessous
2239,Vaud,Ormont-Dessus
2240,Vaud,Orny
2241,Vaud,Oron-la-Ville
2242,Vaud,Oron-le-Châtel
2243,Vaud,Orzens
2244,Vaud,Oulens-sous-Échallens
2245,Vaud,Oulens-sur-Lucens
2246,Vaud,Pailly
2247,Vaud,Palézieux
2248,Vaud,Pampigny
2249,Vaud,Paudex
2250,Vaud,Payerne
2251,Vaud,Peney-le-Jorat
2252,Vaud,Penthalaz
2253,Vaud,Penthaz
2254,Vaud,Penthéréaz
2255,Vaud,Perroy
2256,Vaud,Peyres-Possens
2257,Vaud,Pizy
2258,Vaud,Poliez-Pittet
2259,Vaud,Poliez-le-Grand
2260,Vaud,Pompaples
2261,Vaud,Pomy
2262,Vaud,Prahins
2263,Vaud,Prangins
2264,Vaud,Premier
2265,Vaud,Prilly
2266,Vaud,Provence
2267,Vaud,Préverenges
2268,Vaud,Prévonloup
2269,Vaud,Puidoux
2270,Vaud,Pully
2271,Vaud,Rances
2272,Vaud,Renens (VD)
2273,Vaud,Rennaz
2274,Vaud,Reverolle
2275,Vaud,Riex
2276,Vaud,Rivaz
2277,Vaud,Roche (VD)
2278,Vaud,Rolle
2279,Vaud,Romainmôtier-Envy
2280,Vaud,Romairon
2281,Vaud,Romanel-sur-Lausanne
2282,Vaud,Romanel-sur-Morges
2283,Vaud,Ropraz
2284,Vaud,Rossenges
2285,Vaud,Rossinière
2286,Vaud,Rougemont
2287,Vaud,Rovray
2288,Vaud,Rueyres
2289,Vaud,Saint-Barthélemy (VD)
2290,Vaud,Saint-Cergue
2291,Vaud,Saint-Cierges
2292,Vaud,Saint-George
2293,Vaud,Saint-Livres
2294,Vaud,Saint-Légier-La Chiésaz
2295,Vaud,Saint-Oyens
2296,Vaud,Saint-Prex
2297,Vaud,Saint-Saphorin (Lavaux)
2298,Vaud,Saint-Saphorin-sur-Morges
2299,Vaud,Saint-Sulpice (VD)
2300,Vaud,Sainte-Croix
2301,Vaud,Sarzens
2302,Vaud,Sassel
2303,Vaud,Saubraz
2304,Vaud,Savigny
2305,Vaud,Seigneux
2306,Vaud,Senarclens
2307,Vaud,Sergey
2308,Vaud,Servion
2309,Vaud,Signy-Avenex
2310,Vaud,Sottens
2311,Vaud,Suchy
2312,Vaud,Sugnens
2313,Vaud,Sullens
2314,Vaud,Suscévaz
2315,Vaud,Syens
2316,Vaud,Sévery
2317,Vaud,Tannay
2318,Vaud,Tartegnin
2319,Vaud,Thierrens
2320,Vaud,Tolochenaz
2321,Vaud,Trey
2322,Vaud,Treycovagnes
2323,Vaud,Treytorrens (Payerne)
2324,Vaud,Trélex
2325,Vaud,Ursins
2326,Vaud,Valeyres-sous-Montagny
2327,Vaud,Valeyres-sous-Rances
2328,Vaud,Valeyres-sous-Ursins
2329,Vaud,Vallamand
2330,Vaud,Vallorbe
2331,Vaud,Vaugondry
2332,Vaud,Vaulion
2333,Vaud,Vaux-sur-Morges
2334,Vaud,Vevey
2335,Vaud,Veytaux
2336,Vaud,Vich
2337,Vaud,Villars-Bramard
2338,Vaud,Villars-Burquin
2339,Vaud,Villars-Epeney
2340,Vaud,Villars-Mendraz
2341,Vaud,Villars-Sainte-Croix
2342,Vaud,Villars-Tiercelin
2343,Vaud,Villars-le-Comte
2344,Vaud,Villars-le-Grand
2345,Vaud,Villars-le-Terroir
2346,Vaud,Villars-sous-Champvent
2347,Vaud,Villars-sous-Yens
2348,Vaud,Villarzel
2349,Vaud,Villeneuve (VD)
2350,Vaud,Villette (Lavaux)
2351,Vaud,Vinzel
2352,Vaud,Vuarrens
2353,Vaud,Vucherens
2354,Vaud,Vufflens-la-Ville
2355,Vaud,Vufflens-le-Château
2356,Vaud,Vugelles-La Mothe
2357,Vaud,Vuibroye
2358,Vaud,Vuiteboeuf
2359,Vaud,Vulliens
2360,Vaud,Vullierens
2361,Vaud,Yens
2362,Vaud,Yverdon-les-Bains
2363,Vaud,Yvonand
2364,Vaud,Yvorne
2365,Vaud,Échallens
2366,Vaud,Éclagnens
2367,Vaud,Écublens
2368,Vaud,Épendes
2369,Zug,Baar
2370,Zug,Cham
2371,Zug,Hünenberg
2372,Zug,Menzingen
2373,Zug,Neuheim
2374,Zug,Oberägeri
2375,Zug,Risch
2376,Zug,Steinhausen
2377,Zug,Unterägeri
2378,Zug,Walchwil
2379,Zug,Zug
2380,Zürich,Adlikon
2381,Zürich,Adliswil
2382,Zürich,Aesch (ZH)
2383,Zürich,Aeugst am Albis
2384,Zürich,Affoltern am Albis
2385,Zürich,Altikon
2386,Zürich,Andelfingen
2387,Zürich,Bachenbülach
2388,Zürich,Bachs
2389,Zürich,Bassersdorf
2390,Zürich,Bauma
2391,Zürich,Benken (ZH)
2392,Zürich,Berg am Irchel
2393,Zürich,Bertschikon bei Attikon
2394,Zürich,Birmensdorf (ZH)
2395,Zürich,Bonstetten
2396,Zürich,Boppelsen
2397,Zürich,Brütten
2398,Zürich,Bubikon
2399,Zürich,Buch am Irchel
2400,Zürich,Buchs (ZH)
2401,Zürich,Bäretswil
2402,Zürich,Bülach
2403,Zürich,Dachsen
2404,Zürich,Dielsdorf
2405,Zürich,Dietikon
2406,Zürich,Dietlikon
2407,Zürich,Dinhard
2408,Zürich,Dorf
2409,Zürich,Dägerlen
2410,Zürich,Dällikon
2411,Zürich,Dänikon
2412,Zürich,Dättlikon
2413,Zürich,Dübendorf
2414,Zürich,Dürnten
2415,Zürich,Egg
2416,Zürich,Eglisau
2417,Zürich,Elgg
2418,Zürich,Ellikon an der Thur
2419,Zürich,Elsau
2420,Zürich,Embrach
2421,Zürich,Erlenbach (ZH)
2422,Zürich,Fehraltorf
2423,Zürich,Feuerthalen
2424,Zürich,Fischenthal
2425,Zürich,Flaach
2426,Zürich,Flurlingen
2427,Zürich,Freienstein-Teufen
2428,Zürich,Fällanden
2429,Zürich,Geroldswil
2430,Zürich,Glattfelden
2431,Zürich,Gossau (ZH)
2432,Zürich,Greifensee
2433,Zürich,Grüningen
2434,Zürich,Hagenbuch
2435,Zürich,Hausen am Albis
2436,Zürich,Hedingen
2437,Zürich,Henggart
2438,Zürich,Herrliberg
2439,Zürich,Hettlingen
2440,Zürich,Hinwil
2441,Zürich,Hirzel
2442,Zürich,Hittnau
2443,Zürich,Hochfelden
2444,Zürich,Hofstetten (ZH)
2445,Zürich,Hombrechtikon
2446,Zürich,Horgen
2447,Zürich,Humlikon
2448,Zürich,Höri
2449,Zürich,Hüntwangen
2450,Zürich,Hütten
2451,Zürich,Hüttikon
2452,Zürich,Illnau-Effretikon
2453,Zürich,Kappel am Albis
2454,Zürich,Kilchberg (ZH)
2455,Zürich,Kleinandelfingen
2456,Zürich,Kloten
2457,Zürich,Knonau
2458,Zürich,Kyburg
2459,Zürich,Küsnacht (ZH)
2460,Zürich,Langnau am Albis
2461,Zürich,Laufen-Uhwiesen
2462,Zürich,Lindau
2463,Zürich,Lufingen
2464,Zürich,Marthalen
2465,Zürich,Maschwanden
2466,Zürich,Maur
2467,Zürich,Meilen
2468,Zürich,Mettmenstetten
2469,Zürich,Männedorf
2470,Zürich,Mönchaltorf
2471,Zürich,Neerach
2472,Zürich,Neftenbach
2473,Zürich,Niederglatt
2474,Zürich,Niederhasli
2475,Zürich,Niederweningen
2476,Zürich,Nürensdorf
2477,Zürich,Oberembrach
2478,Zürich,Oberengstringen
2479,Zürich,Oberglatt
2480,Zürich,Oberrieden
2481,Zürich,Oberstammheim
2482,Zürich,Oberweningen
2483,Zürich,Obfelden
2484,Zürich,Oetwil am See
2485,Zürich,Oetwil an der Limmat
2486,Zürich,Opfikon
2487,Zürich,Ossingen
2488,Zürich,Otelfingen
2489,Zürich,Ottenbach
2490,Zürich,Pfungen
2491,Zürich,Pfäffikon
2492,Zürich,Rafz
2493,Zürich,Regensberg
2494,Zürich,Regensdorf
2495,Zürich,Rheinau
2496,Zürich,Richterswil
2497,Zürich,Rickenbach (ZH)
2498,Zürich,Rifferswil
2499,Zürich,Rorbas
2500,Zürich,Russikon
2501,Zürich,Rümlang
2502,Zürich,Rüschlikon
2503,Zürich,Rüti (ZH)
2504,Zürich,Schlatt (ZH)
2505,Zürich,Schleinikon
2506,Zürich,Schlieren
2507,Zürich,Schwerzenbach
2508,Zürich,Schöfflisdorf
2509,Zürich,Schönenberg (ZH)
2510,Zürich,Seegräben
2511,Zürich,Seuzach
2512,Zürich,Stadel bei Niederglatt
2513,Zürich,Stallikon
2514,Zürich,Steinmaur
2515,Zürich,Sternenberg
2516,Zürich,Stäfa
2517,Zürich,Thalheim an der Thur
2518,Zürich,Thalwil
2519,Zürich,Truttikon
2520,Zürich,Trüllikon
2521,Zürich,Turbenthal
2522,Zürich,Uetikon am See
2523,Zürich,Uitikon
2524,Zürich,Unterengstringen
2525,Zürich,Unterstammheim
2526,Zürich,Urdorf
2527,Zürich,Uster
2528,Zürich,Volken
2529,Zürich,Volketswil
2530,Zürich,Wald (ZH)
2531,Zürich,Wallisellen
2532,Zürich,Waltalingen
2533,Zürich,Wangen-Brüttisellen
2534,Zürich,Wasterkingen
2535,Zürich,Weiach
2536,Zürich,Weiningen (ZH)
2537,Zürich,Weisslingen
2538,Zürich,Wettswil am Albis
2539,Zürich,Wetzikon (ZH)
2540,Zürich,Wiesendangen
2541,Zürich,Wil (ZH)
2542,Zürich,Wila
2543,Zürich,Wildberg
2544,Zürich,Winkel
2545,Zürich,Winterthur
2546,Zürich,Wädenswil
2547,Zürich,Zell (ZH)
2548,Zürich,Zollikon
2549,Zürich,Zumikon
2550,Zürich,Zürich
